Year,ITN_Coverage
2000,0.0
2001,3.6483429999999997
2002,7.296685999999999
2003,10.945028999999998
2004,14.593371999999999
2005,18.241715
2006,21.890057999999996
2007,25.538400999999997
2008,29.186743999999997
2009,32.835086999999994
2010,36.48343
2011,40.131772999999995
2012,43.78011599999999
2013,47.428459
2014,51.076801999999994
2015,54.725145
2016,68.8604091
2017,65.0373187
2018,56.1262004
2019,60.6052721
2020,64.621842
2021,67.4145644
2022,74.8693163
2023,83.8151771
2024,69.8808405
